song_id,title
163braces-lyrics-music-video,163braces - 過期 (lyrics music video)
1nonly-meaningless-love-official-music-video,1nonly - Meaningless Love (Official Music Video)
alice-u-official-video,Alice U (앨리스유) - 도주 (Official Video)
beast-on-rainy-days-lyrics-eng-rom-han,BEAST- 비가 오는 날엔 (On Rainy Days) lyrics [Eng.  Rom.  Han.]
bad-boy,Bad Boy
bridge-collective-the-wonderful-blood,Bridge Collective  The Wonderful Blood
broken,Broken
creepy-nuts-mirage-official-music-video-op-theme-to-call-of,Creepy Nuts - Mirage(Official Music Video) [OP Theme to Call of the Night Season 2]
dancing-in-my-closet-feat,Dancing In My Closet (Feat. 이고도)
emotional-oranges-not-worth-it-audio,Emotional Oranges - Not Worth It (Audio)
fendi-2,Fendi 2
get-up,Get Up
glass-animals-take-a-slice-lyrics,Glass Animals - Take A Slice (Lyrics)
halcali-summer-official-music-video,HALCALI  おつかれSUMMER (Official Music Video)
honey-see-you-isterif-turkce-ceviri,Honey See You - ISTERIF (Türkçe Çeviri)
honeymoon-un-deux-trois-piano-version,Honeymoon Un Deux Trois - Piano Version
irias-live-or-die,IRIAS - Live or die
ice-cube,Ice cube
im-ballin,Im Ballin
imagine-dragons-bones-official-music-video,Imagine Dragons - Bones (Official Music Video)
imagine-dragons-natural,Imagine Dragons - Natural
imagine-dragons-sharks-official-music-video,Imagine Dragons - Sharks (Official Music Video)
infinite-requiem-deoksoon,Infinite Requiem (Deoksoon)
irving-berlin-puttin-on-the-ritz,Irving Berlin - Puttin' on the Ritz
karma,KARMA
kanye-west-heartless,Kanye West - Heartless
kanye-west-power,Kanye West - POWER
kanye-west-stronger,Kanye West - Stronger
last-surprise,Last Surprise
meovv-ddi-ro-ri-mv,MEOVV(미야오) - DDI RO RI MV
metric-lost-kitten-official-lyric-video,METRIC - Lost Kitten (Official Lyric Video)
mac-miller-self-care,Mac Miller - Self Care
milena-night-train,Milena 밀레나 - Night Train
minecraft-ost-pigstep-flyxthekid-remix,Minecraft OST - Pigstep (FlyxTheKid Remix)
no-jam,No Jam
nocturne-in-b-flat-minor-op-9-no-1,"Nocturne in B flat minor, Op. 9 no. 1"
off-the-feed,Off The Feed
olivia-marsh-paraglider-official-mv,Olivia Marsh (올리비아 마쉬) 'Paraglider' Official MV
quarto-de-hotel-vibed-out,Quarto De Hotel (Vibed Out)
riches,Riches
riddle-feat-khundi-panda,Riddle (feat. Khundi Panda)
rua-young-yesh,Rua Young - YESH
sennarinkontinuummusic-videoto-be-hero-x,SennaRinKONTINUUMMusic VideoアニメTO BE HERO Xエンディングテーマ
so-yoon-x-phum-viphurit-wings-official-mv,So!YoON! (황소윤) X Phum Viphurit Wings Official MV
starjunk-95-state-your-name,Starjunk 95 - State Your Name
still-with-you,Still With You
sunshine,Sunshine(볕)
the-marias-hush,The Marías - Hush
time-to,Time to
when-night-is-falling,When Night Is Falling
yaeji-raingurl,Yaeji - Raingurl
youra-ral-9002-feat-heize-color-coded-lyrics-hanromeng,Youra 유라 - RAL 9002 하양 Feat. Heize 가사 Color Coded Lyrics HanRomEng
art-clip-youra-rawww,[Art Clip] 유라 (youra) - Rawww
live-cilp-between-walls-agwi-suyo,"[LIVE CILP] Between walls - Agwi , Suyo"
live-cilp-lano-agwi-suyo,"[LIVE CILP] Lano - Agwi , Suyo"
live-clip-luina-agwi-suyo,"[LIVE CLIP] Luina - Agwi , Suyo"
mv-hyukoh-wi-ing-wi-ing,[MV] HYUKOH (혁오) - WI ING WI ING (위잉위잉)
mv-jannabi-for-lovers-who-hesitate,[MV] JANNABI(잔나비)  for lovers who hesitate(주저하는 연인들을 위해)
mv-punch-sometimes,[MV] Punch(펀치)  Sometimes(가끔 이러다)
mv-youra-mimi,[MV] 유라 (youra) - 미미 (MIMI)
visualizer-milena-oh-rosy,[Visualizer] Milena 밀레나 - Oh Rosy
lyrics-dean-dayfly-ft-sulli-rad-museum,"[lyrics가사] dean - 하루살이 (dayfly) ft. sulli, rad museum"
aespa-wda-whole-different-animal-feat-g-dragon-mv,aespa 에스파 'WDA (Whole Different Animal) (Feat. G-DRAGON)' MV
download,download
g0nny-last-scene-mv,g0nny (거니) - Last Scene MV
ph-1-54321-feat-haewon-of-nmixx-color-coded-lyrics,pH-1 - 54321 (Feat. Haewon (해원) of NMIXX) (Color Coded Lyrics)
why-do-we-fall-in-love,why do we fall in love_
song,ひとひら
my-broken-heart,我破碎的心 (My broken heart)
the-rod-4k-lyrics,门尼 - 巴拉莱卡 (The Rod)好了吗别再哭啦晚安吧巴拉莱卡4k无损动态歌词 Lyrics
lyrics-video,陳文非 - 孤獨頌歌你別再問了想要答案就去看看吧動態歌詞Lyrics Video
pinyin-lyricsawalk-music,霧嶼霓虹 - 花鴉天空飄下一朵花花花花花沒人問它想要去哪哪哪哪哪動態歌詞  Pinyin LyricsAWALK MUSIC
heize-and-july-feat-dean-dj-friz-mv,"헤이즈 (Heize) - And July (Feat. DEAN, DJ Friz) MV"
heize-jenga-feat-gaeko-mv,헤이즈 (Heize) - Jenga (Feat. Gaeko) MV
heize-love-virus-feat-i-m-mv,헤이즈(Heize) - Love Virus (Feat. I.M) MV
